{
  "label": "GAD",
  "threshold": 0.601010101010101,
  "feature_columns": [
    "Age",
    "Sex",
    "BMI",
    "MEANH",
    "LF",
    "HF",
    "NLF",
    "SC",
    "FT",
    "RSA",
    "TP",
    "VLF",
    "DM",
    "TCA",
    "MARTA",
    "phq15",
    "haq21",
    "cabah",
    "bdi",
    "bai",
    "Age_BMI",
    "HRV_Mean",
    "LF_HF_Ratio",
    "Sympathetic_Index",
    "Psych_Sum",
    "bai_log",
    "Panic_Risk",
    "phq15_log",
    "Somatic_Age_Interaction",
    "bdi_log",
    "Depression_HRV_Ratio",
    "cabah_log",
    "Anxiety_TP_Ratio"
  ],
  "outlier_bounds": {
    "Age": [
      -21.0,
      112.0
    ],
    "BMI": [
      5.171276512978693,
      41.687157982695076
    ],
    "MEANH": [
      27.574876845705262,
      121.06884236572105
    ],
    "LF": [
      -980.6949999999999,
      1409.385
    ],
    "HF": [
      -829.68,
      1214.635
    ],
    "NLF": [
      -50.87080440143588,
      141.60739185353887
    ],
    "SC": [
      -1.3972145949290653,
      2.5396194599054205
    ],
    "FT": [
      22.096648661369173,
      38.881135118174434
    ],
    "RSA": [
      -9.572303827586172,
      25.05973843678156
    ],
    "TP": [
      -7412.134591407137,
      11642.939433138687
    ],
    "VLF": [
      -3742.759204094515,
      6009.484454267953
    ],
    "DM": [
      0.0,
      1.0
    ],
    "TCA": [
      0.0,
      1.0
    ],
    "MARTA": [
      0.0,
      1.0
    ],
    "phq15": [
      -12.103356062667974,
      26.55876519305427
    ],
    "haq21": [
      -23.97003090400572,
      59.97752317800429
    ],
    "cabah": [
      13.355993368057113,
      102.19274108757837
    ],
    "bdi": [
      -20.0,
      43.0
    ],
    "bai": [
      -30.51225303500847,
      47.683004046677965
    ],
    "Age_BMI": [
      -698.3906535000001,
      2833.3916425
    ],
    "HRV_Mean": [
      -1313.4732438513568,
      2162.4735203982304
    ],
    "LF_HF_Ratio": [
      -3.823021904364182,
      6.393443928554506
    ],
    "Sympathetic_Index": [
      -0.5765410961305131,
      1.6019656013079486
    ],
    "Psych_Sum": [
      -54.755981460172165,
      262.24385352192974
    ],
    "bai_log": [
      -2.612740417100161,
      6.71834073207996
    ],
    "Panic_Risk": [
      -0.13663833250653012,
      0.19443293669515038
    ],
    "phq15_log": [
      -0.3964815387491736,
      4.491971504703992
    ],
    "Somatic_Age_Interaction": [
      -599.9489102564103,
      1200.098547008547
    ],
    "bdi_log": [
      -0.1818738654493055,
      5.094528751185358
    ],
    "Depression_HRV_Ratio": [
      -0.15843205529398446,
      0.2377325532075191
    ],
    "cabah_log": [
      3.3091425167884,
      4.826544565897635
    ],
    "Anxiety_TP_Ratio": [
      -0.1574421530184575,
      0.24691992118638895
    ]
  },
  "files": {
    "model": "GAD_best.joblib",
    "scaler": "GAD_best_scaler.joblib",
    "imputer": "GAD_best_imputer.joblib"
  }
}