{
  "label": "MDD",
  "threshold": 0.4797979797979798,
  "feature_columns": [
    "Age",
    "Sex",
    "BMI",
    "MEANH",
    "LF",
    "HF",
    "NLF",
    "SC",
    "FT",
    "RSA",
    "TP",
    "VLF",
    "DM",
    "TCA",
    "MARTA",
    "phq15",
    "haq21",
    "cabah",
    "bdi",
    "bai",
    "Age_BMI",
    "HRV_Mean",
    "LF_HF_Ratio",
    "Sympathetic_Index",
    "Psych_Sum",
    "bai_log",
    "Panic_Risk",
    "phq15_log",
    "Somatic_Age_Interaction",
    "bdi_log",
    "Depression_HRV_Ratio",
    "cabah_log",
    "Anxiety_TP_Ratio"
  ],
  "outlier_bounds": {
    "Age": [
      -23.0,
      110.0
    ],
    "BMI": [
      4.337066499999999,
      42.799438
    ],
    "MEANH": [
      25.053167838324384,
      126.46012412125671
    ],
    "LF": [
      -994.6350000000001,
      1419.8400000000001
    ],
    "HF": [
      -748.7099999999999,
      1084.1349999999998
    ],
    "NLF": [
      -54.11966358067617,
      147.93016696377313
    ],
    "SC": [
      -1.5948214425782812,
      2.8030952567710417
    ],
    "FT": [
      21.769810518065313,
      38.95546814290768
    ],
    "RSA": [
      -10.925361951659454,
      26.80527146374459
    ],
    "TP": [
      -6780.796023882422,
      10730.803560352964
    ],
    "VLF": [
      -3658.576388846153,
      5770.6018517948705
    ],
    "DM": [
      0.0,
      1.0
    ],
    "TCA": [
      0.0,
      1.0
    ],
    "MARTA": [
      0.0,
      1.0
    ],
    "phq15": [
      -11.519546616537793,
      25.198595884120518
    ],
    "haq21": [
      -13.644543793061423,
      46.19272505741523
    ],
    "cabah": [
      12.891387811512772,
      101.81148291798297
    ],
    "bdi": [
      -27.17765295218041,
      51.88323971413531
    ],
    "bai": [
      -34.41997667147667,
      52.636719246031745
    ],
    "Age_BMI": [
      -798.8138549184163,
      2866.663742188812
    ],
    "HRV_Mean": [
      -1270.060110502051,
      2059.8643025555325
    ],
    "LF_HF_Ratio": [
      -4.72169164497819,
      7.648036899137871
    ],
    "Sympathetic_Index": [
      -0.6358404977693695,
      1.703972696489385
    ],
    "Psych_Sum": [
      -59.046277367443,
      263.0617031565907
    ],
    "bai_log": [
      -2.9445293785470525,
      7.095450470787373
    ],
    "Panic_Risk": [
      -0.133528431099587,
      0.1896634827253942
    ],
    "phq15_log": [
      -0.435714277723922,
      4.435311521232991
    ],
    "Somatic_Age_Interaction": [
      -509.4169688901252,
      1057.239781498996
    ],
    "bdi_log": [
      -0.6655813344796524,
      5.65195421440101
    ],
    "Depression_HRV_Ratio": [
      -0.17788677087216426,
      0.26276782786204733
    ],
    "cabah_log": [
      3.295567997073448,
      4.8254780139254
    ],
    "Anxiety_TP_Ratio": [
      -0.16847657584107156,
      0.2620610661552476
    ]
  },
  "files": {
    "model": "MDD_best.joblib",
    "scaler": "MDD_best_scaler.joblib",
    "imputer": "MDD_best_imputer.joblib"
  }
}