{
  "label": "Panic",
  "threshold": 0.7787878787878788,
  "feature_columns": [
    "Age",
    "Sex",
    "BMI",
    "MEANH",
    "LF",
    "HF",
    "NLF",
    "SC",
    "FT",
    "RSA",
    "TP",
    "VLF",
    "DM",
    "TCA",
    "MARTA",
    "phq15",
    "haq21",
    "cabah",
    "bdi",
    "bai",
    "Age_BMI",
    "HRV_Mean",
    "LF_HF_Ratio",
    "Sympathetic_Index",
    "Psych_Sum",
    "bai_log",
    "Panic_Risk",
    "phq15_log",
    "Somatic_Age_Interaction",
    "bdi_log",
    "Depression_HRV_Ratio",
    "cabah_log",
    "Anxiety_TP_Ratio"
  ],
  "outlier_bounds": {
    "Age": [
      -15.0,
      104.0
    ],
    "BMI": [
      4.830843012352695,
      42.73899863169114
    ],
    "MEANH": [
      27.77517701171371,
      121.63309731771506
    ],
    "LF": [
      -1162.2749999999999,
      1657.2899999999997
    ],
    "HF": [
      -822.1300000000001,
      1212.035
    ],
    "NLF": [
      -54.549797924042196,
      146.58868737203082
    ],
    "SC": [
      -1.5100000000000002,
      2.7600000000000002
    ],
    "FT": [
      22.200136967677377,
      38.480011090838325
    ],
    "RSA": [
      -10.123473128496954,
      26.635705328812584
    ],
    "TP": [
      -7225.5,
      11378.75
    ],
    "VLF": [
      -3753.4343622816905,
      6000.480712953547
    ],
    "DM": [
      0.0,
      1.0
    ],
    "TCA": [
      0.0,
      0.5510000000000446
    ],
    "MARTA": [
      0.0,
      1.0
    ],
    "phq15": [
      -6.173851244422794,
      17.838354100666493
    ],
    "haq21": [
      -8.01435342518611,
      37.51076506888958
    ],
    "cabah": [
      14.56446184699496,
      99.32665361475378
    ],
    "bdi": [
      -15.296137244421102,
      34.42293274881498
    ],
    "bai": [
      -15.334821646879742,
      27.20759686882013
    ],
    "Age_BMI": [
      -699.0948830000002,
      2814.1468560000003
    ],
    "HRV_Mean": [
      -1337.3891756314983,
      2187.3908954181065
    ],
    "LF_HF_Ratio": [
      -4.288016634512682,
      7.011060102563231
    ],
    "Sympathetic_Index": [
      -0.6264756893942125,
      1.6675617573895747
    ],
    "Psych_Sum": [
      -19.859465812782275,
      210.8126210837097
    ],
    "bai_log": [
      -1.4588662038220626,
      5.119299839379318
    ],
    "Panic_Risk": [
      -0.10531096213385857,
      0.15069771615311478
    ],
    "phq15_log": [
      0.0934721071447484,
      3.684738870359831
    ],
    "Somatic_Age_Interaction": [
      -440.0,
      960.0
    ],
    "bdi_log": [
      -0.15114747007314921,
      4.745985111629725
    ],
    "Depression_HRV_Ratio": [
      -0.13957834130511904,
      0.210377436622811
    ],
    "cabah_log": [
      3.3199381765745537,
      4.788091763448509
    ],
    "Anxiety_TP_Ratio": [
      -0.1609971990832573,
      0.2511118713184339
    ]
  },
  "files": {
    "model": "Panic_best.joblib",
    "scaler": "Panic_best_scaler.joblib",
    "imputer": "Panic_best_imputer.joblib"
  }
}