{
  "label": "SSD",
  "threshold": 0.1808080808080808,
  "feature_columns": [
    "Age",
    "Sex",
    "BMI",
    "MEANH",
    "LF",
    "HF",
    "NLF",
    "SC",
    "FT",
    "RSA",
    "TP",
    "VLF",
    "DM",
    "TCA",
    "MARTA",
    "phq15",
    "haq21",
    "cabah",
    "bdi",
    "bai",
    "Age_BMI",
    "HRV_Mean",
    "LF_HF_Ratio",
    "Sympathetic_Index",
    "Psych_Sum",
    "bai_log",
    "Panic_Risk",
    "phq15_log",
    "Somatic_Age_Interaction",
    "bdi_log",
    "Depression_HRV_Ratio",
    "cabah_log",
    "Anxiety_TP_Ratio"
  ],
  "outlier_bounds": {
    "Age": [
      -23.0,
      113.5
    ],
    "BMI": [
      4.732461512978695,
      41.99734298269507
    ],
    "MEANH": [
      19.02287030622074,
      130.98284727033445
    ],
    "LF": [
      -1068.5,
      1534.625
    ],
    "HF": [
      -857.975,
      1253.295
    ],
    "NLF": [
      -56.79214230794595,
      149.1681778256309
    ],
    "SC": [
      -1.5601193066610684,
      2.8034924088814246
    ],
    "FT": [
      21.713768895029105,
      39.03217332872817
    ],
    "RSA": [
      -10.315103005057674,
      26.081673538900887
    ],
    "TP": [
      -7134.458516453813,
      11199.94133748519
    ],
    "VLF": [
      -3699.895507169763,
      5829.988911093134
    ],
    "DM": [
      0.0,
      1.0
    ],
    "TCA": [
      0.0,
      1.0
    ],
    "MARTA": [
      0.0,
      1.0
    ],
    "phq15": [
      -12.13550209800519,
      26.601626573503893
    ],
    "haq21": [
      -29.932000489140815,
      67.92681595818442
    ],
    "cabah": [
      10.587934755301532,
      105.88348590458581
    ],
    "bdi": [
      -18.771714605879147,
      41.3622861411722
    ],
    "bai": [
      -30.0,
      47.0
    ],
    "Age_BMI": [
      -655.6116787987355,
      2776.3530095649808
    ],
    "HRV_Mean": [
      -1315.0947918044717,
      2136.346722481064
    ],
    "LF_HF_Ratio": [
      -4.452086398412003,
      7.244397654797467
    ],
    "Sympathetic_Index": [
      -0.6346390923346452,
      1.6844530122649484
    ],
    "Psych_Sum": [
      -62.19897424939626,
      271.3005682165809
    ],
    "bai_log": [
      -2.5789731588270675,
      6.673317721049168
    ],
    "Panic_Risk": [
      -0.1341084711912098,
      0.19133258847134083
    ],
    "phq15_log": [
      -0.3994067560435226,
      4.495871794429791
    ],
    "Somatic_Age_Interaction": [
      -663.9872788176738,
      1279.8397193113906
    ],
    "bdi_log": [
      -0.10873739057648146,
      4.997013451354926
    ],
    "Depression_HRV_Ratio": [
      -0.15841969789023402,
      0.23766409248309367
    ],
    "cabah_log": [
      3.2669343138483775,
      4.882822169817665
    ],
    "Anxiety_TP_Ratio": [
      -0.17523929173081726,
      0.2709139432863293
    ]
  },
  "files": {
    "model": "SSD_best.joblib",
    "scaler": "SSD_best_scaler.joblib",
    "imputer": "SSD_best_imputer.joblib"
  }
}