{
  "label": "GAD",
  "threshold": 0.4797979797979798,
  "feature_columns": [
    "Age",
    "Sex",
    "BMI",
    "MEANH",
    "LF",
    "HF",
    "NLF",
    "SC",
    "FT",
    "RSA",
    "TP",
    "VLF",
    "DM",
    "TCA",
    "MARTA",
    "phq15",
    "haq21",
    "cabah",
    "bdi",
    "bai",
    "Age_BMI",
    "HRV_Mean",
    "LF_HF_Ratio",
    "Sympathetic_Index",
    "Psych_Sum",
    "bai_log",
    "Panic_Risk",
    "phq15_log",
    "Somatic_Age_Interaction",
    "bdi_log",
    "Depression_HRV_Ratio",
    "cabah_log",
    "Anxiety_TP_Ratio"
  ],
  "outlier_bounds": {
    "Age": [
      -18.0,
      108.0
    ],
    "BMI": [
      4.714014155818759,
      42.05126690236895
    ],
    "MEANH": [
      29.58014535000379,
      118.69624660739984
    ],
    "LF": [
      -963.0,
      1383.75
    ],
    "HF": [
      -803.2600000000001,
      1177.2150000000001
    ],
    "NLF": [
      -49.45242944239449,
      139.20506678696327
    ],
    "SC": [
      -1.3446485834649655,
      2.4578647779532874
    ],
    "FT": [
      21.094564474060785,
      39.60790417056009
    ],
    "RSA": [
      -10.505000000000004,
      26.140000000000004
    ],
    "TP": [
      -7023.960754792035,
      11215.675507066248
    ],
    "VLF": [
      -3653.925111594906,
      5892.129057786992
    ],
    "DM": [
      0.0,
      1.0
    ],
    "TCA": [
      0.0,
      1.0
    ],
    "MARTA": [
      0.0,
      1.0
    ],
    "phq15": [
      -10.963897997427402,
      25.72292349807055
    ],
    "haq21": [
      -23.37250917653696,
      60.58897556980647
    ],
    "cabah": [
      16.11119952596424,
      99.85173396538102
    ],
    "bdi": [
      -19.0,
      44.0
    ],
    "bai": [
      -31.646785292813913,
      49.585081346504374
    ],
    "Age_BMI": [
      -653.6948025082866,
      2763.6595758190997
    ],
    "HRV_Mean": [
      -1270.9060321558284,
      2109.197160399904
    ],
    "LF_HF_Ratio": [
      -3.560623191828226,
      6.009472673037302
    ],
    "Sympathetic_Index": [
      -0.564343512050162,
      1.5714698690455897
    ],
    "Psych_Sum": [
      -51.577804982102336,
      262.2003994807411
    ],
    "bai_log": [
      -2.565936811596817,
      6.751302003765931
    ],
    "Panic_Risk": [
      -0.13624176475447008,
      0.19458435387430095
    ],
    "phq15_log": [
      -0.19061369552531993,
      4.339276999041139
    ],
    "Somatic_Age_Interaction": [
      -581.5674532134541,
      1194.58913371351
    ],
    "bdi_log": [
      0.1177830356563847,
      4.969813299576
    ],
    "Depression_HRV_Ratio": [
      -0.15840327970417017,
      0.2407353362963542
    ],
    "cabah_log": [
      3.3597175827706893,
      4.784391021260699
    ],
    "Anxiety_TP_Ratio": [
      -0.14254453381118087,
      0.22733197400202382
    ]
  },
  "files": {
    "model": "GAD_best.joblib",
    "scaler": "GAD_best_scaler.joblib",
    "imputer": "GAD_best_imputer.joblib"
  }
}