{
  "label": "MDD",
  "threshold": 0.398989898989899,
  "feature_columns": [
    "Age",
    "Sex",
    "BMI",
    "MEANH",
    "LF",
    "HF",
    "NLF",
    "SC",
    "FT",
    "RSA",
    "TP",
    "VLF",
    "DM",
    "TCA",
    "MARTA",
    "phq15",
    "haq21",
    "cabah",
    "bdi",
    "bai",
    "Age_BMI",
    "HRV_Mean",
    "LF_HF_Ratio",
    "Sympathetic_Index",
    "Psych_Sum",
    "bai_log",
    "Panic_Risk",
    "phq15_log",
    "Somatic_Age_Interaction",
    "bdi_log",
    "Depression_HRV_Ratio",
    "cabah_log",
    "Anxiety_TP_Ratio"
  ],
  "outlier_bounds": {
    "Age": [
      -23.0,
      110.0
    ],
    "BMI": [
      4.664720366245881,
      42.822025100315585
    ],
    "MEANH": [
      23.28688640311981,
      127.61748479584026
    ],
    "LF": [
      -1055.85,
      1506.92
    ],
    "HF": [
      -769.1199999999999,
      1126.34
    ],
    "NLF": [
      -51.425428855540034,
      144.37685099851126
    ],
    "SC": [
      -1.6086124686331926,
      2.8214832915109236
    ],
    "FT": [
      22.325820362880208,
      38.62577477406111
    ],
    "RSA": [
      -10.6093822569576,
      26.5682866927182
    ],
    "TP": [
      -7071.6705080756055,
      11111.966188157316
    ],
    "VLF": [
      -3665.087068117216,
      5832.949424156288
    ],
    "DM": [
      0.0,
      1.0
    ],
    "TCA": [
      0.0,
      1.0
    ],
    "MARTA": [
      0.0,
      1.0
    ],
    "phq15": [
      -10.776637512530097,
      24.025985078842016
    ],
    "haq21": [
      -15.838722020415242,
      48.0625264200266
    ],
    "cabah": [
      12.810115084240067,
      101.91984655434658
    ],
    "bdi": [
      -25.3076416828184,
      49.6057312621138
    ],
    "bai": [
      -30.622449733375362,
      47.46683730003152
    ],
    "Age_BMI": [
      -791.8042747610939,
      2881.5569936694396
    ],
    "HRV_Mean": [
      -1297.552546546328,
      2101.9626534181766
    ],
    "LF_HF_Ratio": [
      -4.59268387412175,
      7.464384668070415
    ],
    "Sympathetic_Index": [
      -0.6303785191259715,
      1.6920095214084767
    ],
    "Psych_Sum": [
      -58.86339148906083,
      262.8178553187478
    ],
    "bai_log": [
      -2.737704707189616,
      6.792366382321079
    ],
    "Panic_Risk": [
      -0.12435636810395248,
      0.17737876308809972
    ],
    "phq15_log": [
      -0.3933277979988221,
      4.343659587854434
    ],
    "Somatic_Age_Interaction": [
      -487.367748596132,
      1025.107813486726
    ],
    "bdi_log": [
      -0.5368012069886077,
      5.508060300171235
    ],
    "Depression_HRV_Ratio": [
      -0.15732852053426172,
      0.23600299936619926
    ],
    "cabah_log": [
      3.294302590696744,
      4.827165222427672
    ],
    "Anxiety_TP_Ratio": [
      -0.1640537061668906,
      0.25599982920109376
    ]
  },
  "files": {
    "model": "MDD_best.joblib",
    "scaler": "MDD_best_scaler.joblib",
    "imputer": "MDD_best_imputer.joblib"
  }
}