{
  "label": "Panic",
  "threshold": 0.7464646464646464,
  "feature_columns": [
    "Age",
    "Sex",
    "BMI",
    "MEANH",
    "LF",
    "HF",
    "NLF",
    "SC",
    "FT",
    "RSA",
    "TP",
    "VLF",
    "DM",
    "TCA",
    "MARTA",
    "phq15",
    "haq21",
    "cabah",
    "bdi",
    "bai",
    "Age_BMI",
    "HRV_Mean",
    "LF_HF_Ratio",
    "Sympathetic_Index",
    "Psych_Sum",
    "bai_log",
    "Panic_Risk",
    "phq15_log",
    "Somatic_Age_Interaction",
    "bdi_log",
    "Depression_HRV_Ratio",
    "cabah_log",
    "Anxiety_TP_Ratio"
  ],
  "outlier_bounds": {
    "Age": [
      -16.0,
      103.0
    ],
    "BMI": [
      5.930875358727917,
      41.93054685502945
    ],
    "MEANH": [
      26.205986744486495,
      123.84550994163513
    ],
    "LF": [
      -1288.6100000000001,
      1838.92
    ],
    "HF": [
      -854.1600000000001,
      1256.6200000000001
    ],
    "NLF": [
      -57.757845023314026,
      151.91703318396134
    ],
    "SC": [
      -1.6599999999999997,
      2.96
    ],
    "FT": [
      22.11137728038912,
      38.52849427225632
    ],
    "RSA": [
      -10.423113429951524,
      27.179124024835644
    ],
    "TP": [
      -6892.461761904764,
      10970.282349206353
    ],
    "VLF": [
      -3401.484694139195,
      5545.64625885226
    ],
    "DM": [
      0.0,
      1.0
    ],
    "TCA": [
      0.0,
      0.0
    ],
    "MARTA": [
      0.0,
      1.0
    ],
    "phq15": [
      -7.5834665212238725,
      19.444622028298497
    ],
    "haq21": [
      -7.994945030997634,
      38.321811677288636
    ],
    "cabah": [
      13.670251317679316,
      99.99731151174052
    ],
    "bdi": [
      -17.73577880064836,
      37.801834100486275
    ],
    "bai": [
      -16.59964509612136,
      28.410135944274398
    ],
    "Age_BMI": [
      -673.6587599999997,
      2769.3065699999997
    ],
    "HRV_Mean": [
      -1284.6937421549721,
      2115.939079161829
    ],
    "LF_HF_Ratio": [
      -4.656609417795424,
      7.531450701459891
    ],
    "Sympathetic_Index": [
      -0.6460076463808396,
      1.7054845971845713
    ],
    "Psych_Sum": [
      -25.93943441019769,
      218.9192458802636
    ],
    "bai_log": [
      -1.720820290164635,
      5.341053864319791
    ],
    "Panic_Risk": [
      -0.1126231155950431,
      0.16057099873202624
    ],
    "phq15_log": [
      -0.10727987382048632,
      3.8983949607735493
    ],
    "Somatic_Age_Interaction": [
      -442.12893106893125,
      949.1738777888781
    ],
    "bdi_log": [
      -0.3029411029329929,
      4.966293679128612
    ],
    "Depression_HRV_Ratio": [
      -0.14030215747399488,
      0.21122286333821433
    ],
    "cabah_log": [
      3.302671442666017,
      4.8010418138799125
    ],
    "Anxiety_TP_Ratio": [
      -0.16220079485297162,
      0.25418554915344643
    ]
  },
  "files": {
    "model": "Panic_best.joblib",
    "scaler": "Panic_best_scaler.joblib",
    "imputer": "Panic_best_imputer.joblib"
  }
}