{
  "label": "SSD",
  "threshold": 0.5202020202020202,
  "feature_columns": [
    "Age",
    "Sex",
    "BMI",
    "MEANH",
    "LF",
    "HF",
    "NLF",
    "SC",
    "FT",
    "RSA",
    "TP",
    "VLF",
    "DM",
    "TCA",
    "MARTA",
    "phq15",
    "haq21",
    "cabah",
    "bdi",
    "bai",
    "Age_BMI",
    "HRV_Mean",
    "LF_HF_Ratio",
    "Sympathetic_Index",
    "Psych_Sum",
    "bai_log",
    "Panic_Risk",
    "phq15_log",
    "Somatic_Age_Interaction",
    "bdi_log",
    "Depression_HRV_Ratio",
    "cabah_log",
    "Anxiety_TP_Ratio"
  ],
  "outlier_bounds": {
    "Age": [
      -15.0,
      104.0
    ],
    "BMI": [
      5.3130573258649605,
      41.81598825560128
    ],
    "MEANH": [
      25.693794500923843,
      123.69034225023057
    ],
    "LF": [
      -1005.155,
      1450.165
    ],
    "HF": [
      -798.92,
      1173.96
    ],
    "NLF": [
      -51.71701664897249,
      144.61872062351796
    ],
    "SC": [
      -1.4859536980528776,
      2.692938264070503
    ],
    "FT": [
      22.25354630143064,
      38.578604931425815
    ],
    "RSA": [
      -9.31905731746016,
      25.14554298809512
    ],
    "TP": [
      -6667.542440606052,
      10579.798782651138
    ],
    "VLF": [
      -3648.9416730546977,
      5766.00081495128
    ],
    "DM": [
      0.0,
      1.0
    ],
    "TCA": [
      0.0,
      1.0
    ],
    "MARTA": [
      0.0,
      1.0
    ],
    "phq15": [
      -11.136895262245496,
      25.85267144668412
    ],
    "haq21": [
      -28.77117822838668,
      67.07838367129001
    ],
    "cabah": [
      11.781606242280816,
      104.91379531828939
    ],
    "bdi": [
      -18.79845565241692,
      42.25200618781353
    ],
    "bai": [
      -32.89523538509401,
      50.92142653882051
    ],
    "Age_BMI": [
      -638.539663393517,
      2747.320891358023
    ],
    "HRV_Mean": [
      -1233.0534321664272,
      2030.4604573926417
    ],
    "LF_HF_Ratio": [
      -4.247373932041914,
      6.985708493019313
    ],
    "Sympathetic_Index": [
      -0.6070486512971116,
      1.6535006150445684
    ],
    "Psych_Sum": [
      -56.489820210931555,
      266.6586953052638
    ],
    "bai_log": [
      -2.746534269411887,
      6.911930965978533
    ],
    "Panic_Risk": [
      -0.14455353266112014,
      0.20633814575719617
    ],
    "phq15_log": [
      -0.22076571523242539,
      4.3618910138214675
    ],
    "Somatic_Age_Interaction": [
      -637.2438313385027,
      1251.3702557625497
    ],
    "bdi_log": [
      -0.018290758040869548,
      4.9808050247776325
    ],
    "Depression_HRV_Ratio": [
      -0.15903933236423398,
      0.24226742373501498
    ],
    "cabah_log": [
      3.2891439276002803,
      4.865037852846034
    ],
    "Anxiety_TP_Ratio": [
      -0.16373446570806177,
      0.2575623959392878
    ]
  },
  "files": {
    "model": "SSD_best.joblib",
    "scaler": "SSD_best_scaler.joblib",
    "imputer": "SSD_best_imputer.joblib"
  }
}