{
  "label": "MDD",
  "threshold": 0.593939393939394,
  "feature_columns": [
    "Age",
    "Sex",
    "BMI",
    "SDNN",
    "LF",
    "HF",
    "LFHF",
    "MEANH",
    "VLF",
    "NLF",
    "TP",
    "LF_HF_Ratio",
    "HF_TP_Ratio",
    "HRV_Mean"
  ],
  "outlier_bounds": {
    "Age": [
      -8.0,
      90.0
    ],
    "BMI": [
      1.7136196052360084,
      44.34542013093055
    ],
    "SDNN": [
      -44.5,
      111.25
    ],
    "LF": [
      -1082.25,
      1740.5
    ],
    "HF": [
      -808.25,
      1246.25
    ],
    "LFHF": [
      -4.785643582784391,
      8.348244783862487
    ],
    "MEANH": [
      21.0,
      133.0
    ],
    "VLF": [
      -2001.0,
      3226.25
    ],
    "NLF": [
      -45.67091455176563,
      152.29486631260482
    ],
    "TP": [
      -3847.0,
      6383.5
    ],
    "LF_HF_Ratio": [
      -4.785643339548906,
      8.348244449047073
    ],
    "HF_TP_Ratio": [
      -0.37287284014150535,
      0.7280617043081576
    ],
    "HRV_Mean": [
      -892.7260517850877,
      1546.3518460965993
    ]
  },
  "files": {
    "model": "MDD_best.joblib",
    "scaler": "MDD_best_scaler.joblib",
    "imputer": "MDD_best_imputer.joblib"
  }
}