{
  "label": "GAD",
  "threshold": 0.38282828282828285,
  "feature_columns": [
    "Age",
    "Sex",
    "BMI",
    "SDNN",
    "LF",
    "HF",
    "LFHF",
    "MEANH",
    "TP",
    "VLF",
    "NLF",
    "HRV_Mean",
    "LF_HF_Ratio"
  ],
  "outlier_bounds": {
    "Age": [
      -9.5,
      99.0
    ],
    "BMI": [
      5.740891019276635,
      41.281108372204635
    ],
    "SDNN": [
      -30.0,
      96.0
    ],
    "LF": [
      -956.5,
      1570.5
    ],
    "HF": [
      -716.0,
      1170.5
    ],
    "LFHF": [
      -4.092525116290742,
      7.102513495337714
    ],
    "MEANH": [
      27.0,
      125.0
    ],
    "TP": [
      -2938.0,
      5339.5
    ],
    "VLF": [
      -1339.0,
      2423.5
    ],
    "NLF": [
      -55.01387157749136,
      152.71859630773017
    ],
    "HRV_Mean": [
      -689.3457361812814,
      1313.9123587260515
    ],
    "LF_HF_Ratio": [
      -4.076041507385298,
      7.080535349993072
    ]
  },
  "files": {
    "model": "GAD_best.joblib",
    "scaler": "GAD_best_scaler.joblib",
    "imputer": "GAD_best_imputer.joblib"
  }
}