{
  "label": "Panic",
  "threshold": 0.14040404040404042,
  "feature_columns": [
    "Age",
    "Sex",
    "BMI",
    "SDNN",
    "LF",
    "HF",
    "LFHF",
    "MEANH",
    "TP",
    "VLF",
    "NLF",
    "HRV_Mean",
    "LF_HF_Ratio"
  ],
  "outlier_bounds": {
    "Age": [
      -18.75,
      103.75
    ],
    "BMI": [
      4.2583234241960675,
      43.00578725049349
    ],
    "SDNN": [
      -49.75,
      120.0
    ],
    "LF": [
      -1291.5,
      2030.0
    ],
    "HF": [
      -804.75,
      1242.75
    ],
    "LFHF": [
      -5.274385560675883,
      9.017617127496159
    ],
    "MEANH": [
      24.25,
      131.0
    ],
    "TP": [
      -4373.5,
      7190.5
    ],
    "VLF": [
      -2257.75,
      3620.5
    ],
    "NLF": [
      -48.14558630865067,
      157.436254211126
    ],
    "HRV_Mean": [
      -1071.290485782625,
      1800.1199582477568
    ],
    "LF_HF_Ratio": [
      -5.065601435908033,
      8.749743904693226
    ]
  },
  "files": {
    "model": "Panic_best.joblib",
    "scaler": "Panic_best_scaler.joblib",
    "imputer": "Panic_best_imputer.joblib"
  }
}