{
  "label": "MDD",
  "threshold": 0.49595959595959593,
  "feature_columns": [
    "Age",
    "Sex",
    "BMI",
    "SDNN",
    "LF",
    "HF",
    "LFHF",
    "MEANH",
    "TP",
    "VLF",
    "NLF",
    "phq15",
    "haq21",
    "cabah",
    "bdi",
    "bai",
    "HRV_Mean",
    "LF_HF_Ratio"
  ],
  "outlier_bounds": {
    "Age": [
      -17.25,
      100.0
    ],
    "BMI": [
      3.507803479316152,
      43.74387363472132
    ],
    "SDNN": [
      -45.0,
      114.25
    ],
    "LF": [
      -1084.0,
      1768.5
    ],
    "HF": [
      -763.5,
      1182.5
    ],
    "LFHF": [
      -5.298169135826832,
      9.074089478865769
    ],
    "MEANH": [
      21.75,
      132.0
    ],
    "TP": [
      -4044.0,
      6755.25
    ],
    "VLF": [
      -2146.5,
      3490.25
    ],
    "NLF": [
      -44.507014450339426,
      153.31447136407036
    ],
    "phq15": [
      -16.0,
      26.0
    ],
    "haq21": [
      -44.25,
      71.25
    ],
    "cabah": [
      -8.0,
      118.0
    ],
    "bdi": [
      -43.0,
      62.0
    ],
    "bai": [
      -35.0,
      49.0
    ],
    "HRV_Mean": [
      -994.2902471313186,
      1698.5973344611873
    ],
    "LF_HF_Ratio": [
      -5.2981689923082875,
      9.074089285028915
    ]
  },
  "files": {
    "model": "MDD_best.joblib",
    "scaler": "MDD_best_scaler.joblib",
    "imputer": "MDD_best_imputer.joblib"
  }
}