{
  "label": "SSD",
  "threshold": 0.4878787878787879,
  "feature_columns": [
    "Age",
    "Sex",
    "BMI",
    "SDNN",
    "LF",
    "HF",
    "LFHF",
    "MEANH",
    "TP",
    "VLF",
    "NLF",
    "phq15",
    "haq21",
    "cabah",
    "bdi",
    "bai",
    "HRV_Mean",
    "LF_HF_Ratio"
  ],
  "outlier_bounds": {
    "Age": [
      -14.0,
      101.5
    ],
    "BMI": [
      3.78718364489659,
      42.746388902989665
    ],
    "SDNN": [
      -41.0,
      106.0
    ],
    "LF": [
      -1033.5,
      1686.0
    ],
    "HF": [
      -778.0,
      1220.5
    ],
    "LFHF": [
      -4.449407590883371,
      7.8351183991391915
    ],
    "MEANH": [
      18.0,
      137.0
    ],
    "TP": [
      -3450.0,
      5884.5
    ],
    "VLF": [
      -1670.0,
      2785.5
    ],
    "NLF": [
      -49.40134553121542,
      152.84634136672344
    ],
    "phq15": [
      -21.0,
      35.0
    ],
    "haq21": [
      -46.0,
      80.0
    ],
    "cabah": [
      -4.5,
      118.0
    ],
    "bdi": [
      -36.0,
      55.0
    ],
    "bai": [
      -43.0,
      62.0
    ],
    "HRV_Mean": [
      -839.019083314612,
      1477.2203838904134
    ],
    "LF_HF_Ratio": [
      -4.437363709147859,
      7.787740384696903
    ]
  },
  "files": {
    "model": "SSD_best.joblib",
    "scaler": "SSD_best_scaler.joblib",
    "imputer": "SSD_best_imputer.joblib"
  }
}