{
  "label": "GAD",
  "threshold": 0.4878787878787879,
  "feature_columns": [
    "Age",
    "Sex",
    "BMI",
    "SDNN",
    "LF",
    "HF",
    "LFHF",
    "MEANH",
    "TP",
    "VLF",
    "NLF",
    "HRV_Mean",
    "LF_HF_Ratio"
  ],
  "outlier_bounds": {
    "Age": [
      -19.0,
      108.75
    ],
    "BMI": [
      6.2638829078216,
      40.43019687049216
    ],
    "SDNN": [
      -33.0,
      100.0
    ],
    "LF": [
      -1042.25,
      1679.0
    ],
    "HF": [
      -713.25,
      1176.75
    ],
    "LFHF": [
      -4.080532972084846,
      7.211292586206492
    ],
    "MEANH": [
      24.0,
      129.0
    ],
    "TP": [
      -3246.0,
      5724.5
    ],
    "VLF": [
      -1620.25,
      2775.75
    ],
    "NLF": [
      -53.8110639591529,
      153.9430672048424
    ],
    "HRV_Mean": [
      -772.7965004093429,
      1427.4872962220484
    ],
    "LF_HF_Ratio": [
      -4.080532919918698,
      7.211292510406103
    ]
  },
  "files": {
    "model": "GAD_best.joblib",
    "scaler": "GAD_best_scaler.joblib",
    "imputer": "GAD_best_imputer.joblib"
  }
}