{
  "label": "Panic",
  "threshold": 0.5848484848484848,
  "feature_columns": [
    "Age",
    "Sex",
    "BMI",
    "SDNN",
    "LF",
    "HF",
    "LFHF",
    "MEANH",
    "TP",
    "VLF",
    "NLF",
    "HRV_Mean",
    "LF_HF_Ratio"
  ],
  "outlier_bounds": {
    "Age": [
      -5.0,
      87.75
    ],
    "BMI": [
      4.601716554204881,
      42.941259602873046
    ],
    "SDNN": [
      -36.75,
      105.0
    ],
    "LF": [
      -955.75,
      1604.5
    ],
    "HF": [
      -780.75,
      1224.75
    ],
    "LFHF": [
      -4.742045001226163,
      8.293735159657883
    ],
    "MEANH": [
      24.0,
      129.0
    ],
    "TP": [
      -3578.5,
      6225.0
    ],
    "VLF": [
      -1906.75,
      3273.25
    ],
    "NLF": [
      -43.41206124347115,
      151.99587089402974
    ],
    "HRV_Mean": [
      -877.1224943308569,
      1569.2559826239972
    ],
    "LF_HF_Ratio": [
      -4.637031480952635,
      8.161268437735474
    ]
  },
  "files": {
    "model": "Panic_best.joblib",
    "scaler": "Panic_best_scaler.joblib",
    "imputer": "Panic_best_imputer.joblib"
  }
}