{
  "label": "SSD",
  "threshold": 0.46666666666666673,
  "feature_columns": [
    "Age",
    "Sex",
    "BMI",
    "SDNN",
    "LF",
    "HF",
    "LFHF",
    "LF_HF_Ratio",
    "HRV_Mean"
  ],
  "outlier_bounds": {
    "Age": [
      -16.0,
      103.0
    ],
    "BMI": [
      1.9089231150479726,
      44.15508430037613
    ],
    "SDNN": [
      -38.5,
      105.0
    ],
    "LF": [
      -980.5,
      1616.5
    ],
    "HF": [
      -731.5,
      1141.0
    ],
    "LFHF": [
      -4.827828981054787,
      8.376920122887864
    ],
    "LF_HF_Ratio": [
      -4.9004737354176235,
      8.433379380733994
    ],
    "HRV_Mean": [
      -389.21610247391504,
      670.4715857059608
    ]
  },
  "files": {
    "model": "SSD_best.joblib",
    "scaler": "SSD_best_scaler.joblib",
    "imputer": "SSD_best_imputer.joblib"
  }
}