{
  "label": "Panic",
  "threshold": 0.4545454545454546,
  "feature_columns": [
    "Age",
    "Sex",
    "BMI",
    "SDNN",
    "LF",
    "HF",
    "LFHF",
    "MEANH",
    "VLF",
    "NLF",
    "TP",
    "phq15",
    "haq21",
    "cabah",
    "bdi",
    "bai",
    "LF_HF_Ratio",
    "HF_TP_Ratio",
    "HRV_Mean"
  ],
  "outlier_bounds": {
    "Age": [
      -18.75,
      103.75
    ],
    "BMI": [
      4.2583234241960675,
      43.00578725049349
    ],
    "SDNN": [
      -49.75,
      120.0
    ],
    "LF": [
      -1291.5,
      2030.0
    ],
    "HF": [
      -804.75,
      1242.75
    ],
    "LFHF": [
      -5.274385560675883,
      9.017617127496159
    ],
    "MEANH": [
      24.25,
      131.0
    ],
    "VLF": [
      -2257.75,
      3620.5
    ],
    "NLF": [
      -48.14558630865067,
      157.436254211126
    ],
    "TP": [
      -4373.5,
      7190.5
    ],
    "phq15": [
      -22.0,
      34.0
    ],
    "haq21": [
      -42.0,
      71.75
    ],
    "cabah": [
      -8.0,
      118.0
    ],
    "bdi": [
      -37.75,
      55.0
    ],
    "bai": [
      -38.0,
      53.0
    ],
    "LF_HF_Ratio": [
      -5.065601435908033,
      8.749743904693226
    ],
    "HF_TP_Ratio": [
      -0.35753268233919255,
      0.7048990519852921
    ],
    "HRV_Mean": [
      -1071.290485782625,
      1800.1199582477568
    ]
  },
  "files": {
    "model": "Panic_best.joblib",
    "scaler": "Panic_best_scaler.joblib",
    "imputer": "Panic_best_imputer.joblib"
  }
}