{
  "label": "SSD",
  "threshold": 0.4545454545454546,
  "feature_columns": [
    "Age",
    "Sex",
    "BMI",
    "SDNN",
    "LF",
    "HF",
    "LFHF",
    "MEANH",
    "VLF",
    "NLF",
    "TP",
    "phq15",
    "haq21",
    "cabah",
    "bdi",
    "bai",
    "LF_HF_Ratio",
    "HF_TP_Ratio",
    "HRV_Mean"
  ],
  "outlier_bounds": {
    "Age": [
      -16.0,
      103.0
    ],
    "BMI": [
      4.13016507404782,
      42.20812914707931
    ],
    "SDNN": [
      -31.5,
      98.0
    ],
    "LF": [
      -903.5,
      1522.0
    ],
    "HF": [
      -752.5,
      1176.0
    ],
    "LFHF": [
      -4.549603174603174,
      8.00595238095238
    ],
    "MEANH": [
      24.0,
      129.0
    ],
    "VLF": [
      -1556.5,
      2685.5
    ],
    "NLF": [
      -44.79990879033178,
      150.98088397370122
    ],
    "TP": [
      -2866.5,
      5183.5
    ],
    "phq15": [
      -25.0,
      38.0
    ],
    "haq21": [
      -46.5,
      83.0
    ],
    "cabah": [
      -1.25,
      116.0
    ],
    "bdi": [
      -39.0,
      59.0
    ],
    "bai": [
      -46.0,
      66.0
    ],
    "LF_HF_Ratio": [
      -4.460925740466429,
      7.853446863958973
    ],
    "HF_TP_Ratio": [
      -0.3886227411442843,
      0.7517449840469348
    ],
    "HRV_Mean": [
      -687.221652303539,
      1293.639852730005
    ]
  },
  "files": {
    "model": "SSD_best.joblib",
    "scaler": "SSD_best_scaler.joblib",
    "imputer": "SSD_best_imputer.joblib"
  }
}